{
    "name": "TEAM#01",
    "developers": {
        "0": {
            "name": "Developer #0",
            "skills": {
                "H#18": 0.8490965879112554,
                "H#08": 0.7915280458283853,
                "H#06": 0.859109551563512,
                "H#10": 0.02919464877348854,
                "H#11": 0.4773112377743971,
                "H#01": 0.1839444829885648,
                "H#07": 0.2037533925877243,
                "H#09": 0.6621468955707055,
                "H#15": 0.9693160590450199,
                "H#03": 0.8815277716113635,
                "H#14": 0.20149973870002102
            },
            "traits": [
                0.018103061681520538,
                0.84879655268332,
                0.8611892437905535,
                0.549464357503049,
                0.11588357086192103
            ],
            "cost": 242
        },
        "1": {
            "name": "Developer #1",
            "skills": {
                "H#17": 0.806412006478371,
                "H#16": 0.2620524971356143,
                "H#11": 0.9712925922070388,
                "H#04": 0.7209701534608635,
                "H#03": 0.9520427141292349,
                "H#06": 0.6153931964902385,
                "H#00": 0.20073499627704994,
                "H#18": 0.5765148006751553,
                "H#01": 0.8192444876014667,
                "H#02": 0.8219362541153825,
                "H#15": 0.6063665915987331,
                "H#08": 0.41701169304813357,
                "H#14": 0.9086984376613632
            },
            "traits": [
                0.5982169651852343,
                0.3443331241491301,
                0.5494870678968914,
                0.9990011251339526,
                0.9448757612864751
            ],
            "cost": 234
        },
        "2": {
            "name": "Developer #2",
            "skills": {
                "H#18": 0.22171021443022088,
                "H#00": 0.6845077621569702,
                "H#04": 0.4773265087065375,
                "H#02": 0.7924019349486493,
                "H#03": 0.6324876112180153,
                "H#12": 0.6777333423906998,
                "H#10": 0.9655605810052714,
                "H#09": 0.36987514863964577,
                "H#06": 0.02223514130223969,
                "H#16": 0.2844502750102008,
                "H#05": 0.08854895194768275,
                "H#08": 0.7762063166331105,
                "H#14": 0.5934574592988185
            },
            "traits": [
                0.2767788997497025,
                0.6508866725990571,
                0.5991546157831042,
                0.49633428136710545,
                0.2113773526302859
            ],
            "cost": 247
        },
        "3": {
            "name": "Developer #3",
            "skills": {
                "H#09": 0.004191653708202625,
                "H#13": 0.22974984984326818,
                "H#17": 0.41036049320561907,
                "H#19": 0.42019496709179993,
                "H#01": 0.5676298288858624,
                "H#00": 0.8283026769440591,
                "H#18": 0.7514162112926043,
                "H#14": 0.13363323556643913,
                "H#08": 0.9859898287122979,
                "H#05": 0.9012714697931254,
                "H#10": 0.5676450962182727,
                "H#15": 0.311300526453951,
                "H#12": 0.4214706308882292
            },
            "traits": [
                0.15995448643968824,
                0.2822374981085828,
                0.39005750050109766,
                0.234843931794124,
                0.9828038312401727
            ],
            "cost": 507
        },
        "4": {
            "name": "Developer #4",
            "skills": {
                "H#10": 0.0009665563565144364,
                "H#08": 0.8281415613950575,
                "H#15": 0.37222534704368093,
                "H#02": 0.7532671348192557,
                "H#14": 0.9694770086065059,
                "H#04": 0.5692966470893576,
                "H#03": 0.5351831527955814,
                "H#16": 0.8975283627639556
            },
            "traits": [
                0.19687006235817328,
                0.8355689538089912,
                0.19781857506293887,
                0.3484982211345291,
                0.10659963818823859
            ],
            "cost": 168
        },
        "5": {
            "name": "Developer #5",
            "skills": {
                "H#12": 0.5698339889499031,
                "H#06": 0.8126909903997203,
                "H#04": 0.48589946905711756,
                "H#09": 0.45541769046386227,
                "H#07": 0.24428639672918873,
                "H#11": 0.5478996228104482,
                "H#02": 0.1925812504984752,
                "H#13": 0.6996896292620183,
                "H#05": 0.1378403943777129,
                "H#00": 0.22309985773595287,
                "H#15": 0.852786637995478
            },
            "traits": [
                0.3456060658033092,
                0.9511718167090175,
                0.03320831850025019,
                0.19767151622074475,
                0.08068183878770951
            ],
            "cost": 407
        },
        "6": {
            "name": "Developer #6",
            "skills": {
                "H#08": 0.9988370578293991,
                "H#06": 0.5373143684907414,
                "H#15": 0.09685179216001405,
                "H#14": 0.33546391003098497,
                "H#09": 0.7104961340077578,
                "H#07": 0.8562608204501581,
                "H#02": 0.4730451664708828,
                "H#00": 0.39627200812159724,
                "H#03": 0.9189305406748178,
                "H#16": 0.46526617273722115
            },
            "traits": [
                6.280638893430002e-05,
                0.8710893270179884,
                0.4626162872277161,
                0.7561660604629371,
                0.37697126880510257
            ],
            "cost": 270
        },
        "7": {
            "name": "Developer #7",
            "skills": {
                "H#07": 0.3660132408741482,
                "H#18": 0.7764984825766891,
                "H#08": 0.13399216926995505,
                "H#05": 0.5075946102537492,
                "H#09": 0.5769584456347653,
                "H#15": 0.3488339040414724,
                "H#14": 0.007282756370344368,
                "H#17": 0.13931853506512648,
                "H#06": 0.5784444619310328,
                "H#02": 0.030026516829840144,
                "H#16": 0.30594420459568494
            },
            "traits": [
                0.24757551384971455,
                0.6544137780390832,
                0.5172844753832868,
                0.6523976390561488,
                0.05900379088301577
            ],
            "cost": 121
        }
    }
}