{
    "name": "TEAM#02",
    "developers": {
        "0": {
            "name": "Developer #0",
            "skills": {
                "H#12": 0.6258766345852803,
                "H#01": 0.4773723199219231,
                "H#03": 0.5544999023212205,
                "H#05": 0.5024101827367098,
                "H#02": 0.6772679261043616,
                "H#16": 0.8325806950980034
            },
            "traits": [
                0.07181579369474811,
                0.10849887264206537,
                0.7016483570714678,
                0.06956476736443407,
                0.3926992776932413
            ],
            "cost": 66
        },
        "1": {
            "name": "Developer #1",
            "skills": {
                "H#10": 0.7094664776934836,
                "H#15": 0.5062593865446956,
                "H#04": 0.5174244073274987,
                "H#17": 0.9361151273793249,
                "H#16": 0.941864976509528,
                "H#05": 0.5391425899813983,
                "H#14": 0.7059409935875354
            },
            "traits": [
                0.6184615018884849,
                0.3160238080808242,
                0.37905514765597936,
                0.7172229735166847,
                0.4345531043649611
            ],
            "cost": 84
        },
        "2": {
            "name": "Developer #2",
            "skills": {
                "H#01": 0.9312362182341838,
                "H#16": 0.9950624934961521,
                "H#06": 0.24512476357849733,
                "H#02": 0.22738882749227318,
                "H#00": 0.19782402728431991
            },
            "traits": [
                0.3383506557947441,
                0.705337172612237,
                0.8867013651129747,
                0.518220835251711,
                0.8338456090382286
            ],
            "cost": 40
        },
        "3": {
            "name": "Developer #3",
            "skills": {
                "H#06": 0.7199098292132771,
                "H#13": 0.06925924760617241,
                "H#15": 0.3608919178525444,
                "H#10": 0.6925061577152762,
                "H#09": 0.135723014469479,
                "H#08": 0.02662711398995632,
                "H#16": 0.11267889212575344,
                "H#01": 0.7639886795727268
            },
            "traits": [
                0.8041063517194357,
                0.7129039578162649,
                0.03802232915277737,
                0.4906393931526992,
                0.12805408058085033
            ],
            "cost": 88
        },
        "4": {
            "name": "Developer #4",
            "skills": {
                "H#07": 0.48567277804618536,
                "H#19": 0.7359507489733407,
                "H#11": 0.2968336200819057,
                "H#14": 0.05737338104488776,
                "H#04": 0.26603053649172104,
                "H#02": 0.445770952132867,
                "H#10": 0.6371608555449331
            },
            "traits": [
                0.5422844051349829,
                0.6778340393880102,
                0.5199653778681921,
                0.529301995200487,
                0.7304502624811199
            ],
            "cost": 98
        },
        "5": {
            "name": "Developer #5",
            "skills": {
                "H#05": 0.7553044515584303,
                "H#06": 0.5781810246081951,
                "H#00": 0.7297628534371701,
                "H#08": 0.7899134837979577,
                "H#07": 0.2509094935461976,
                "H#04": 0.4534752727680976,
                "H#09": 0.709699333439267
            },
            "traits": [
                0.7967117437387634,
                0.4629938428077728,
                0.012629723290336847,
                0.5667140623642833,
                0.6620623502957143
            ],
            "cost": 70
        },
        "6": {
            "name": "Developer #6",
            "skills": {
                "H#12": 0.8007726218169858,
                "H#15": 0.6962736345658537,
                "H#06": 0.9772550645380702,
                "H#04": 0.12172416465195246
            },
            "traits": [
                0.3180357643430376,
                0.1814424476597245,
                0.202553275008171,
                0.7909320195418785,
                0.6881410854356742
            ],
            "cost": 32
        },
        "7": {
            "name": "Developer #7",
            "skills": {
                "H#18": 0.5355809642177393,
                "H#03": 0.23457903977397554,
                "H#05": 0.6545678087253819,
                "H#06": 0.5398434435967177,
                "H#16": 0.7304262596390193,
                "H#13": 0.5193303173459681,
                "H#17": 0.5560524223400927
            },
            "traits": [
                0.47537946486138283,
                0.527429320960961,
                0.09716956248256892,
                0.6049052376351035,
                0.19055870576311829
            ],
            "cost": 98
        },
        "8": {
            "name": "Developer #8",
            "skills": {
                "H#02": 0.03091961533178622,
                "H#00": 0.9603876808190394,
                "H#13": 0.17044629945265333,
                "H#15": 0.013754592621107675,
                "H#08": 0.5202703739312929
            },
            "traits": [
                0.3918160154674849,
                0.31961595234067564,
                0.1186640682364728,
                0.1317325298440185,
                0.63633110843196
            ],
            "cost": 40
        },
        "9": {
            "name": "Developer #9",
            "skills": {
                "H#01": 0.40529863078913875,
                "H#18": 0.7457938972727751,
                "H#00": 0.7629543152540277,
                "H#14": 0.9935702536333372,
                "H#06": 0.8227822910301398,
                "H#15": 0.8586226864774725,
                "H#05": 0.915537787264495
            },
            "traits": [
                0.2335779270804138,
                0.5497438060418469,
                0.8978392329330988,
                0.7709553230851708,
                0.8990609562134436
            ],
            "cost": 56
        },
        "10": {
            "name": "Developer #10",
            "skills": {
                "H#18": 0.8906200249826489,
                "H#01": 0.27533583096116576,
                "H#15": 0.49541819279806376,
                "H#16": 0.9144896554564954,
                "H#03": 0.5696636381971222,
                "H#06": 0.4998754072904794,
                "H#02": 0.70349172897397,
                "H#19": 0.9652876550920806
            },
            "traits": [
                0.8149959198613851,
                0.8572314221922421,
                0.5838742067884014,
                0.11765647893806486,
                0.6679600161947942
            ],
            "cost": 120
        },
        "11": {
            "name": "Developer #11",
            "skills": {
                "H#06": 0.28006963183633193,
                "H#15": 0.8763919048357497,
                "H#04": 0.6090108889926868,
                "H#10": 0.4500248310580385
            },
            "traits": [
                0.04192990829713927,
                0.21301574163027215,
                0.6145088605456637,
                0.0018535751619846996,
                0.6531837135908162
            ],
            "cost": 48
        },
        "12": {
            "name": "Developer #12",
            "skills": {
                "H#17": 0.5996071701156918,
                "H#08": 0.3694823889443355,
                "H#15": 0.9043358119229395,
                "H#02": 0.438780281245566
            },
            "traits": [
                0.9958376273936953,
                0.17515262956262256,
                0.037974804517270644,
                0.5623884768233689,
                0.36874600863723617
            ],
            "cost": 36
        },